date,inn,count,outs,PitchHand,BatterHand,Pitcher,Batter,VertApprAngle,Tilt,SpinDir,PZ,PX,ManOn3rd,ManOn2nd,ManOn1st,IndVertBrk,HorzBrk,HorzApprAngle,FBDst,Extension,ExitDir,ABResult,type,pitchResult,Vel,Spin,ExitVel,LaunchAng,pCallStrk%
2025-05-20 01:00:00,Top 1,0-0,0,R,R,T. Fay,J. Lovich,-6.26,2:20,250.0,2.47233,0.14499,,,,6.3,14.6,-1.22,-,6.83,-,S,Fastball,Strike Looking,91.2,2433.3,-,-,98.7%
2025-05-20 01:00:00,Top 1,0-1,0,R,R,T. Fay,J. Lovich,-6.25,2:31,255.3,2.51071,0.05794,,,,5.2,16.0,-0.93,144.2,6.74,7.5,S,Sinker,Single on a Ground Ball,92.5,2467.9,107.8,-1.1,99.3%
2025-05-20 01:00:00,Top 1,0-0,0,R,R,T. Fay,P. Seals,-7.78,8:37,78.6,2.19655,0.62407,,,1,-1.1,-11.1,-4.52,-,6.36,-,K,Slider,Strike Looking,80.1,2685.7,-,-,97.5%
2025-05-20 01:00:00,Top 1,0-1,0,R,R,T. Fay,P. Seals,-6.44,9:24,102.0,3.11075,-0.2666,,,1,3.9,-12.9,-3.89,-,6.55,-,K,Changeup,Strike Looking,78.5,2695.1,-,-,95.9%
2025-05-20 01:00:00,Top 1,0-2,0,R,R,T. Fay,P. Seals,-7.60,8:53,86.4,2.25516,1.82561,,,1,0.5,-14.8,-6.15,-,6.39,-,K,Slider,Strikeout (Swinging),81.1,2773.8,-,-,0.0%
2025-05-20 01:00:00,Top 1,0-0,1,R,L,T. Fay,C. Nicoletto,-5.37,2:14,247.2,3.28282,-0.40319,,,1,6.9,14.3,-0.77,358.4,6.82,-6.7,IP_OUT,Sinker,Fly Out,91.4,2433.0,96.5,26.0,82.7%
2025-05-20 01:00:00,Top 1,0-0,2,R,L,T. Fay,M. Serna,-6.65,9:22,101.2,2.86902,0.88926,,,1,4.0,-13.4,-5.44,-,6.12,-,K,Sinker,Ball,79.3,2665.9,-,-,56.2%
2025-05-20 01:00:00,Top 1,1-0,2,R,L,T. Fay,M. Serna,-4.74,1:27,223.7,3.13868,-0.80367,,,1,16.1,14.4,-0.27,-,6.79,-163.9,K,Fastball,Foul,92.1,2466.0,75.2,30.2,72.5%
2025-05-20 01:00:00,Top 1,1-1,2,R,L,T. Fay,M. Serna,-5.16,12:00,180.2,3.76881,-0.47298,,,1,6.1,0.0,-2.14,-,6.80,-,K,Cutter,Ball,86.6,2466.6,-,-,2.5%
2025-05-20 01:00:00,Top 1,2-1,2,R,L,T. Fay,M. Serna,-6.12,12:14,187.1,2.79823,0.00961,,,1,6.4,0.7,-2.76,-,6.78,-,K,Sinker,Foul,86.2,2556.7,-,-,98.6%
2025-05-20 01:00:00,Top 1,2-2,2,R,L,T. Fay,M. Serna,-3.81,1:23,221.3,3.82313,-0.92594,,,1,16.1,13.3,-0.27,-,6.81,-,K,Fastball,Strikeout (Swinging),95.1,2595.9,-,-,0.4%
2025-05-20 01:00:00,Bot 1,0-0,0,R,L,S. Horn,B. Fowler,-6.10,1:55,237.3,1.81404,0.37873,,,,9.4,13.3,-1.66,-,6.96,-,IP_OUT,Fastball,Strike Looking,94.5,2123.1,-,-,93.7%
2025-05-20 01:00:00,Bot 1,0-1,0,R,L,S. Horn,B. Fowler,-6.03,1:58,239.1,1.8487,-0.35476,,,,9.3,14.1,-0.79,-,6.89,-,IP_OUT,Fastball,Strike Looking,96.5,2193.6,-,-,94.4%
2025-05-20 01:00:00,Bot 1,0-2,0,R,L,S. Horn,B. Fowler,-5.81,2:03,241.4,1.91219,-0.16656,,,,9.5,15.7,-0.98,140.9,6.82,-5.6,IP_OUT,Fastball,Ground Out,96.0,2196.9,102.3,0.9,97.6%
2025-05-20 01:00:00,Bot 1,0-0,1,R,R,S. Horn,J. Lebron,-5.39,1:57,238.4,2.39062,1.00456,,,,10.2,14.9,-2.27,-,6.89,-,BB,Splitter,Strike Looking,95.2,2149.1,-,-,78.4%
2025-05-20 01:00:00,Bot 1,0-1,1,R,R,S. Horn,J. Lebron,-7.29,9:07,93.5,1.96821,0.18436,,,,1.9,-11.3,-3.67,-,6.69,-,BB,Slider,Strike Looking,84.2,2021.3,-,-,97.9%
2025-05-20 01:00:00,Bot 1,0-2,1,R,R,S. Horn,J. Lebron,-9.18,7:39,49.4,0.71255,2.20062,,,,-4.9,-7.0,-5.38,-,6.58,-,BB,Slider,Ball,85.8,2263.8,-,-,0.0%
2025-05-20 01:00:00,Bot 1,1-2,1,R,R,S. Horn,J. Lebron,-8.13,8:13,66.4,1.6563,1.1574,,,,-4.5,-12.8,-5.02,-,6.49,-,BB,Slider,Ball,84.8,2225.0,-,-,11.0%
2025-05-20 01:00:00,Bot 1,2-2,1,R,R,S. Horn,J. Lebron,-5.56,1:37,228.7,1.83079,0.84215,,,,13.2,14.0,-1.97,-,7.00,-,BB,Fastball,Ball,97.6,2202.5,-,-,81.5%
2025-05-20 01:00:00,Bot 1,3-2,1,R,R,S. Horn,J. Lebron,-6.08,1:44,231.9,1.45333,0.29562,,,,12.0,14.1,-1.53,-,7.05,-,BB,Fastball,Walk,96.6,2176.6,-,-,46.4%
2025-05-20 01:00:00,Bot 1,0-0,1,R,L,S. Horn,K. Snell,-8.17,7:48,53.8,1.78069,1.26267,,,1,-4.3,-7.5,-4.67,-,6.77,-,FC,Slider,Ball,83.2,2261.7,-,-,1.3%
2025-05-20 01:00:00,Bot 1,1-0,1,R,L,S. Horn,K. Snell,-5.63,1:45,232.5,2.01926,0.3713,,,1,10.4,12.4,-1.85,100.0,7.03,70.3,FC,Fastball,Fielder's Choice,96.4,2166.4,51.3,-27.7,97.2%
2025-05-20 01:00:00,Bot 1,0-0,2,R,R,S. Horn,R. Bonomolo Jr.,-5.39,1:36,228.2,2.13524,1.57808,,,1,12.7,13.0,-3.05,-,6.98,-,BB,Fastball,Ball,96.6,2140.5,-,-,0.0%
2025-05-20 01:00:00,Bot 1,1-0,2,R,R,S. Horn,R. Bonomolo Jr.,-7.84,7:33,46.5,2.0533,-1.36783,,,1,-2.5,-4.1,-1.46,-,6.68,-,BB,Slider,Ball,81.8,2081.6,-,-,0.7%
2025-05-20 01:00:00,Bot 1,2-0,2,R,R,S. Horn,R. Bonomolo Jr.,-6.38,1:41,230.7,1.30967,1.96077,,,1,12.2,13.6,-3.39,-,7.04,-,BB,Fastball,Ball,95.8,2203.2,-,-,0.0%
2025-05-20 01:00:00,Bot 1,3-0,2,R,R,S. Horn,R. Bonomolo Jr.,-6.18,1:17,218.4,1.26841,1.12471,,,1,14.4,10.6,-2.69,-,6.96,-,BB,Fastball,Walk,96.1,2225.5,-,-,7.2%
2025-05-20 01:00:00,Bot 1,0-0,2,R,L,S. Horn,W. Hodo,-6.62,8:09,64.7,2.75407,0.6359,,1,1,-0.8,-4.3,-3.84,-,6.85,-,K,Slider,Strike Looking,84.8,2130.3,-,-,92.4%
2025-05-20 01:00:00,Bot 1,0-1,2,R,L,S. Horn,W. Hodo,-7.16,8:38,79.1,2.2419,0.64986,,1,1,0.1,-6.0,-3.72,-,6.79,-,K,Slider,Foul,84.8,2165.0,-,-,91.4%
2025-05-20 01:00:00,Bot 1,0-2,2,R,L,S. Horn,W. Hodo,-6.28,1:48,234.1,1.34207,0.69428,,1,1,11.3,14.3,-1.85,-,7.06,-,K,Fastball,Ball,97.3,2299.5,-,-,1.7%
2025-05-20 01:00:00,Bot 1,1-2,2,R,L,S. Horn,W. Hodo,-5.74,1:20,220.2,1.66097,-0.44287,,1,1,16.0,12.7,-1.04,-,6.87,-,K,Fastball,Strikeout (Looking),96.5,2282.1,-,-,79.0%
2025-05-20 01:00:00,Top 2,0-0,0,R,R,T. Fay,T. Macon,-6.82,9:20,100.0,2.79532,0.08383,,,,3.7,-13.7,-4.16,-,6.54,-,IP_OUT,Slider,Strike Looking,78.8,2578.3,-,-,98.7%
2025-05-20 01:00:00,Top 2,0-1,0,R,R,T. Fay,T. Macon,-6.12,2:16,248.0,2.40089,0.48267,,,,7.2,15.7,-1.49,112.0,6.65,-,IP_OUT,Sinker,Ground Out,92.8,2473.4,-,-,97.7%
2025-05-20 01:00:00,Top 2,0-0,1,R,R,T. Fay,K. Knutson,-6.42,2:13,246.4,2.18098,0.60608,,,,8.8,17.5,-1.32,-,6.70,-,IP_OUT,Sinker,Strike Looking,91.7,2432.0,-,-,97.5%
2025-05-20 01:00:00,Top 2,0-1,1,R,R,T. Fay,K. Knutson,-9.60,8:37,78.7,0.7223,1.21183,,,,-2.2,-18.0,-5.79,-,6.43,-,IP_OUT,Slider,Ball,80.1,2664.0,-,-,0.0%
2025-05-20 01:00:00,Top 2,1-1,1,R,R,T. Fay,K. Knutson,-5.64,2:18,249.1,2.75269,1.4678,,,,6.9,15.9,-2.67,-,6.78,-,IP_OUT,Sinker,Ball,93.8,2453.3,-,-,0.0%
2025-05-20 01:00:00,Top 2,2-1,1,R,R,T. Fay,K. Knutson,-8.15,8:27,73.7,1.95907,-0.33217,,,,-3.0,-15.1,-3.89,286.0,6.20,-,IP_OUT,Slider,Fly Out,80.8,2689.6,-,-,95.8%
2025-05-20 01:00:00,Top 2,0-0,2,R,L,T. Fay,K. Peer,-4.74,1:18,219.1,3.03765,0.32976,,,,15.4,11.7,-1.74,278.7,6.83,-9.6,S,Fastball,Single on a Line Drive,93.9,2553.4,94.6,17.3,96.3%
2025-05-20 01:00:00,Top 2,0-0,2,R,L,T. Fay,C. Patterson,-7.80,8:34,77.0,2.03524,0.79761,,,1,-1.0,-9.6,-4.77,120.9,6.67,-22.2,IP_OUT,Slider,Ground Out,80.7,2813.8,68.3,4.6,76.2%
2025-05-20 01:00:00,Bot 2,0-0,0,R,R,S. Horn,J. Torres,-3.25,12:56,207.9,3.96722,1.72399,,,,19.5,9.8,-3.45,-,6.96,-,IP_OUT,Fastball,Ball,95.2,2341.9,-,-,0.0%
2025-05-20 01:00:00,Bot 2,1-0,0,R,R,S. Horn,J. Torres,-9.42,7:26,43.2,1.11933,0.54664,,,,-7.9,-8.5,-3.83,-,6.41,-,IP_OUT,Slider,Strike Swinging,82.3,2213.5,-,-,1.4%
2025-05-20 01:00:00,Bot 2,1-1,0,R,R,S. Horn,J. Torres,-7.98,7:59,59.7,1.84986,0.73714,,,,-3.0,-7.2,-4.13,119.4,6.75,-10.9,IP_OUT,Slider,Ground Out,83.4,2191.7,67.6,-14.3,84.6%
2025-05-20 01:00:00,Bot 2,0-0,1,R,L,S. Horn,B. Neal,-7.06,8:25,72.4,2.46408,0.8259,,,,-1.7,-9.0,-4.34,-,6.79,-,S,Slider,Strike Looking,83.7,2231.6,-,-,81.4%
2025-05-20 01:00:00,Bot 2,0-1,1,R,L,S. Horn,B. Neal,-5.49,1:24,221.9,1.66533,0.03073,,,,16.3,13.8,-1.37,-,6.83,-,S,Fastball,Ball,97.0,2290.0,-,-,79.9%
2025-05-20 01:00:00,Bot 2,1-1,1,R,L,S. Horn,B. Neal,-5.36,1:57,238.6,2.36958,-0.23389,,,,8.9,13.1,-1.24,-,6.91,-,S,Fastball,Strike Looking,95.3,2245.8,-,-,98.9%
2025-05-20 01:00:00,Bot 2,1-2,1,R,L,S. Horn,B. Neal,-9.66,8:18,69.0,0.22829,0.00917,,,,-3.1,-10.9,-3.53,-,6.74,-,S,Slider,Ball,83.9,2204.0,-,-,0.0%
2025-05-20 01:00:00,Bot 2,2-2,1,R,L,S. Horn,B. Neal,-4.32,1:02,210.8,2.82199,0.27949,,,,16.6,9.3,-2.00,-,6.94,-43.3,S,Fastball,Foul,95.9,2341.8,74.3,46.6,100.0%
2025-05-20 01:00:00,Bot 2,2-2,1,R,L,S. Horn,B. Neal,-6.42,8:11,65.3,3.22014,-0.53427,,,,-2.4,-7.9,-2.89,-,6.58,-,S,Slider,Ball,83.5,2091.3,-,-,85.2%
2025-05-20 01:00:00,Bot 2,3-2,1,R,L,S. Horn,B. Neal,-4.93,1:18,218.9,2.41261,0.55849,,,,13.2,9.9,-2.29,134.3,6.97,22.3,S,Fastball,Single on a Line Drive,96.9,2172.8,91.7,6.9,95.7%
2025-05-20 01:00:00,Bot 2,0-0,1,R,R,S. Horn,G. Staton,-7.38,7:39,49.6,2.31059,-0.74471,,,1,-3.1,-5.1,-2.22,292.4,6.87,-0.7,IP_OUT,Slider,Fly Out,84.1,2221.0,87.4,40.3,90.0%
2025-05-20 01:00:00,Bot 2,0-0,2,R,R,S. Horn,B. Norton,-5.88,2:02,240.8,1.96993,-0.34358,,,1,9.1,14.7,-0.83,-,6.92,-,IP_OUT,Fastball,Strike Looking,95.6,1997.8,-,-,95.9%
2025-05-20 01:00:00,Bot 2,0-1,2,R,R,S. Horn,B. Norton,-7.67,8:41,80.3,1.8352,0.65896,,,1,-0.7,-11.0,-4.23,295.1,6.81,-22.6,IP_OUT,Slider,Fly Out,83.0,2181.1,81.9,25.5,86.7%
2025-05-20 01:00:00,Top 3,0-0,0,R,L,T. Fay,B. Daniels,-6.86,11:46,173.1,2.2076,1.40064,,,,5.9,-0.6,-4.35,-,6.89,-,K,Cutter,Ball,85.3,2457.3,-,-,1.3%
2025-05-20 01:00:00,Top 3,1-0,0,R,L,T. Fay,B. Daniels,-5.33,2:38,258.9,3.41933,-1.50545,,,,4.6,17.4,0.34,-,6.84,-,K,Sinker,Ball,91.0,2357.8,-,-,0.0%
2025-05-20 01:00:00,Top 3,2-0,0,R,L,T. Fay,B. Daniels,-5.14,2:29,254.7,3.67116,-1.16758,,,,5.0,14.4,-0.04,-,6.65,-,K,Sinker,Ball,91.8,2362.0,-,-,0.0%
2025-05-20 01:00:00,Top 3,3-0,0,R,L,T. Fay,B. Daniels,-5.83,1:59,239.6,2.53762,0.12054,,,,9.6,14.4,-1.45,-,6.88,-,K,Sinker,Strike Looking,91.2,2384.4,-,-,98.7%
2025-05-20 01:00:00,Top 3,3-1,0,R,L,T. Fay,B. Daniels,-5.29,2:19,249.5,3.29217,0.67827,,,,6.7,15.1,-2.10,-,6.98,-,K,Sinker,Strike Looking,91.1,2444.4,-,-,63.1%
2025-05-20 01:00:00,Top 3,3-2,0,R,L,T. Fay,B. Daniels,-6.76,12:41,200.5,2.18622,0.58134,,,,5.6,1.7,-3.35,-,6.84,-,K,Cutter,Foul,86.5,2498.5,-,-,95.9%
2025-05-20 01:00:00,Top 3,3-2,0,R,L,T. Fay,B. Daniels,-6.12,2:28,254.1,2.47789,0.463,,,,6.5,18.9,-1.64,-,6.73,-,K,Sinker,Strikeout (Looking),92.4,2349.8,-,-,98.3%
2025-05-20 01:00:00,Top 3,0-0,1,R,R,T. Fay,J. Lovich,-5.97,8:43,81.3,3.94405,-0.87975,,,,-1.3,-16.7,-3.28,-,6.28,-,IP_OUT,Slider,Ball,80.0,2635.0,-,-,0.0%
2025-05-20 01:00:00,Top 3,1-0,1,R,R,T. Fay,J. Lovich,-6.96,9:13,96.7,2.56923,0.11302,,,,3.1,-15.2,-4.15,310.1,6.55,-34.6,IP_OUT,Slider,Fly Out,79.9,2695.6,85.0,36.8,98.4%
2025-05-20 01:00:00,Top 3,0-0,2,R,R,T. Fay,P. Seals,-3.92,1:52,235.8,4.15747,-0.25873,,,,9.8,12.9,-0.91,-,7.04,-,IP_OUT,Fastball,Ball,93.9,2295.5,-,-,0.0%
2025-05-20 01:00:00,Top 3,1-0,2,R,R,T. Fay,P. Seals,-4.53,1:43,231.3,3.60677,0.6277,,,,10.2,11.6,-2.29,-,6.85,-,IP_OUT,Fastball,Ball,91.8,2289.5,-,-,18.5%
2025-05-20 01:00:00,Top 3,2-0,2,R,R,T. Fay,P. Seals,-6.80,2:20,249.9,1.73362,1.64733,,,,6.3,14.6,-3.11,-,6.85,-,IP_OUT,Sinker,Ball,91.7,2359.8,-,-,0.0%
2025-05-20 01:00:00,Top 3,3-0,2,R,R,T. Fay,P. Seals,-6.32,2:23,251.5,2.37834,-0.38546,,,,6.7,17.2,-0.53,-,6.87,-,IP_OUT,Sinker,Strike Looking,91.3,2400.3,-,-,99.5%
2025-05-20 01:00:00,Top 3,3-1,2,R,R,T. Fay,P. Seals,-5.66,1:27,223.6,2.37512,0.64376,,,,13.6,12.0,-2.09,-,6.99,98.9,IP_OUT,Fastball,Foul,91.4,2396.2,74.7,39.2,97.5%
2025-05-20 01:00:00,Top 3,3-2,2,R,R,T. Fay,P. Seals,-6.65,8:49,84.4,3.0922,0.0323,,,,-0.1,-14.9,-4.28,332.3,6.66,28.9,IP_OUT,Slider,Fly Out,81.9,2664.0,92.8,22.7,97.4%
2025-05-20 01:00:00,Bot 3,0-0,0,R,L,S. Horn,B. Fowler,-5.60,1:39,229.6,2.23703,-0.94923,,,,13.0,14.1,-0.07,-,6.73,-,S,Fastball,Strike Looking,93.5,2133.9,-,-,79.8%
2025-05-20 01:00:00,Bot 3,0-1,0,R,L,S. Horn,B. Fowler,-4.00,1:25,222.4,3.3339,0.03261,,,,14.1,12.0,-1.35,-,6.84,-,S,Fastball,Foul,95.7,2219.9,-,-,74.9%
2025-05-20 01:00:00,Bot 3,0-2,0,R,L,S. Horn,B. Fowler,-4.49,1:08,213.9,2.81975,0.70033,,,,16.5,10.4,-2.26,209.8,6.94,-20.2,S,Fastball,Single on a Fly Ball,96.4,2166.2,66.4,36.3,84.3%
2025-05-20 01:00:00,Bot 3,0-0,0,R,R,S. Horn,J. Lebron,-8.68,7:10,35.0,1.54579,0.84892,,,1,-5.7,-5.0,-3.84,-,6.79,-,BB,Slider,Ball,82.9,2130.6,-,-,45.5%
2025-05-20 01:00:00,Bot 3,1-0,0,R,R,S. Horn,J. Lebron,-4.50,1:27,223.3,3.16564,0.18847,,,1,13.0,11.3,-1.38,-,7.02,162.9,BB,Fastball,Foul,94.5,2204.0,78.4,20.9,95.8%
2025-05-20 01:00:00,Bot 3,1-1,0,R,R,S. Horn,J. Lebron,-8.27,8:02,60.9,1.40588,1.11235,,,1,-2.2,-6.1,-4.12,-,6.81,-,BB,Slider,Ball,83.4,2209.6,-,-,5.8%
2025-05-20 01:00:00,Bot 3,2-1,1,R,R,S. Horn,J. Lebron,-4.92,1:31,225.7,2.62855,1.19904,,,,13.1,12.5,-2.41,-,6.98,-,BB,Fastball,Strike Looking,96.6,2290.4,-,-,40.2%
2025-05-20 01:00:00,Bot 3,2-2,1,R,R,S. Horn,J. Lebron,-6.76,1:33,226.4,0.93678,0.6991,,,,12.2,11.9,-1.96,-,7.12,-,BB,Fastball,Ball,97.0,2228.6,-,-,1.4%
2025-05-20 01:00:00,Bot 3,3-2,1,R,R,S. Horn,J. Lebron,-8.67,8:13,66.7,1.04214,0.77937,,,,-2.9,-9.4,-4.16,-,6.57,-,BB,Slider,Walk,83.5,2190.9,-,-,1.3%
2025-05-20 01:00:00,Bot 3,0-0,2,R,L,S. Horn,K. Snell,-5.04,1:31,225.5,2.34892,1.21876,,,1,14.2,13.6,-2.36,-,7.06,-,IP_OUT,Fastball,Ball,96.8,2205.4,-,-,5.7%
2025-05-20 01:00:00,Bot 3,1-0,2,R,L,S. Horn,K. Snell,-4.71,1:23,221.4,2.62502,0.59542,,,1,13.6,11.3,-2.06,135.3,7.06,39.7,IP_OUT,Fastball,Ground Out,95.6,2231.0,92.6,-0.1,96.7%
2025-05-20 01:00:00,Bot 3,0-0,2,R,R,S. Horn,R. Bonomolo Jr.,-6.67,9:00,90.1,2.68058,2.83624,,1,,1.2,-11.0,-6.67,-,6.90,-,BB,Slider,Ball,83.3,2015.5,-,-,0.0%
2025-05-20 01:00:00,Bot 3,1-0,2,R,R,S. Horn,R. Bonomolo Jr.,-7.71,9:03,91.4,1.53172,0.83484,,1,,1.5,-11.4,-4.39,-,6.92,-,BB,Slider,Ball,83.3,2097.0,-,-,39.3%
2025-05-20 01:00:00,Bot 3,2-0,2,R,R,S. Horn,R. Bonomolo Jr.,-8.20,8:18,69.1,1.33141,1.76652,,1,,-1.3,-6.2,-4.97,-,6.92,-,BB,Slider,Strike Swinging,83.9,2079.8,-,-,0.0%
2025-05-20 01:00:00,Bot 3,2-1,2,R,R,S. Horn,R. Bonomolo Jr.,-5.42,1:37,228.7,2.215,1.16805,,1,,11.3,12.0,-2.36,-,6.98,-,BB,Fastball,Ball,96.5,2186.3,-,-,39.7%
2025-05-20 01:00:00,Bot 3,3-1,2,R,R,S. Horn,R. Bonomolo Jr.,-7.43,8:32,75.9,1.98773,1.5857,,1,,-0.8,-7.6,-5.00,-,6.87,-,BB,Slider,Walk,83.9,2134.0,-,-,0.0%
2025-05-20 01:00:00,Bot 3,0-0,2,R,L,S. Horn,W. Hodo,-4.35,1:28,224.2,3.03384,0.812,,1,1,14.0,12.8,-2.24,-,7.01,-,BB,Fastball,Ball,96.6,2275.0,-,-,65.3%
2025-05-20 01:00:00,Bot 3,1-0,2,R,L,S. Horn,W. Hodo,-7.99,8:37,78.3,1.89166,0.7982,,1,1,-1.2,-11.7,-4.30,-,6.76,-,BB,Slider,Strike Looking,82.0,2238.0,-,-,76.8%
2025-05-20 01:00:00,Bot 3,1-1,2,R,L,S. Horn,W. Hodo,-5.61,1:25,222.6,1.85662,0.21634,,1,1,15.1,13.1,-1.33,-,7.07,-,BB,Fastball,Strike Looking,95.1,2259.4,-,-,95.7%
2025-05-20 01:00:00,Bot 3,1-2,2,R,L,S. Horn,W. Hodo,-8.97,8:36,78.0,0.89716,0.49588,,1,1,-1.2,-11.2,-4.06,-,6.56,-,BB,Slider,Ball,82.9,2132.6,-,-,1.3%
2025-05-20 01:00:00,Bot 3,2-2,2,R,L,S. Horn,W. Hodo,-7.86,9:00,90.0,1.62581,1.35769,,1,1,1.2,-7.6,-4.73,-,6.71,-,BB,Slider,Ball,83.9,2145.7,-,-,0.6%
2025-05-20 01:00:00,Bot 3,3-2,2,R,L,S. Horn,W. Hodo,-5.54,1:27,223.6,1.90512,1.23208,,1,1,13.9,12.3,-2.76,-,7.10,-,BB,Fastball,Walk,96.7,2267.8,-,-,4.6%
2025-05-20 01:00:00,Bot 3,0-0,2,R,R,S. Horn,J. Torres,-4.65,1:34,227.0,3.01989,0.0458,1,1,1,13.0,12.8,-1.26,-,7.00,-,K,Fastball,Strike Looking,95.5,2194.9,-,-,96.7%
2025-05-20 01:00:00,Bot 3,0-1,2,R,R,S. Horn,J. Torres,-5.81,1:24,222.1,1.90725,0.54076,1,1,1,13.7,11.4,-1.74,-,6.99,-,K,Fastball,Strike Looking,95.2,2206.9,-,-,97.1%
2025-05-20 01:00:00,Bot 3,0-2,2,R,R,S. Horn,J. Torres,-9.05,7:53,56.4,1.01408,0.45362,1,1,1,-5.1,-9.6,-3.77,-,6.55,-,K,Slider,Strikeout (Swinging),84.4,2224.9,-,-,1.0%
2025-05-20 01:00:00,Top 4,0-0,0,R,L,T. Fay,C. Nicoletto,-7.49,2:42,261.1,2.54759,-0.15543,,,,4.0,15.6,-1.02,-,7.23,-,K,Changeup,Strike Looking,80.2,1574.2,-,-,100.0%
2025-05-20 01:00:00,Top 4,0-1,0,R,L,T. Fay,C. Nicoletto,-6.17,9:36,108.0,3.54605,-0.60354,,,,4.8,-9.5,-3.47,-,6.21,-,K,Slider,Ball,79.6,2607.8,-,-,19.6%
2025-05-20 01:00:00,Top 4,1-1,0,R,L,T. Fay,C. Nicoletto,-7.35,2:23,251.5,1.66765,0.30823,,,,6.2,14.4,-1.93,-,6.87,-,K,Changeup,Strike Swinging,84.5,1651.6,-,-,81.5%
2025-05-20 01:00:00,Top 4,1-2,0,R,L,T. Fay,C. Nicoletto,-7.00,3:03,271.3,2.63772,-1.45623,,,,0.8,16.2,-0.04,-,7.03,-,K,Cutter,Strikeout (Swinging),83.1,1625.1,-,-,0.0%
2025-05-20 01:00:00,Top 4,0-0,1,R,L,T. Fay,M. Serna,-5.86,1:37,228.6,2.26017,-1.10134,,,,14.8,15.4,0.08,-,6.63,-,HR,Fastball,Ball,91.9,2449.9,-,-,51.9%
2025-05-20 01:00:00,Top 4,1-0,1,R,L,T. Fay,M. Serna,-6.61,2:55,267.7,2.84512,-1.8902,,,,1.9,15.8,0.85,-,6.89,-,HR,Changeup,Ball,85.1,1695.5,-,-,0.0%
2025-05-20 01:00:00,Top 4,2-0,1,R,L,T. Fay,M. Serna,-5.76,2:00,239.8,2.58418,-0.82421,,,,10.7,16.4,-0.47,-,6.68,-,HR,Sinker,Foul,90.5,2304.9,-,-,94.2%
2025-05-20 01:00:00,Top 4,2-1,1,R,L,T. Fay,M. Serna,-5.43,12:08,184.1,3.23487,-0.27884,,,,7.4,0.5,-2.27,355.7,6.66,32.9,HR,Cutter,Home Run on a 355.67 ft Fly Ball,86.1,2307.5,103.4,24.4,85.6%
2025-05-20 01:00:00,Top 4,0-0,1,R,R,T. Fay,T. Macon,-7.01,2:16,248.2,1.65517,1.13104,,,,7.0,14.9,-2.36,-,6.61,-,IP_OUT,Sinker,Ball,92.5,2383.3,-,-,22.9%
2025-05-20 01:00:00,Top 4,1-0,1,R,R,T. Fay,T. Macon,-8.67,8:26,73.0,1.45837,1.95568,,,,-1.7,-10.3,-6.01,-,6.74,-,IP_OUT,Slider,Strike Looking,79.4,2575.2,-,-,0.0%
2025-05-20 01:00:00,Top 4,1-1,1,R,R,T. Fay,T. Macon,-5.78,2:32,255.8,2.98431,0.17157,,,,4.6,14.3,-1.53,133.3,6.76,14.0,IP_OUT,Sinker,Ground Out,92.1,2412.6,91.2,-11.8,97.2%
2025-05-20 01:00:00,Top 4,0-0,2,R,R,T. Fay,K. Knutson,-8.56,8:04,61.9,1.97041,-0.9436,,,,-6.9,-15.6,-3.23,-,6.59,-,IP_OUT,Slider,Ball,78.9,2559.0,-,-,44.3%
2025-05-20 01:00:00,Top 4,1-0,2,R,R,T. Fay,K. Knutson,-7.23,8:44,81.8,2.72646,0.27413,,,,-0.8,-15.7,-4.52,-,6.46,-40.2,IP_OUT,Slider,Foul,80.7,2785.7,89.9,25.0,98.2%
2025-05-20 01:00:00,Top 4,1-1,2,R,R,T. Fay,K. Knutson,-5.37,2:19,249.7,3.26721,-0.77858,,,,6.2,14.2,-0.26,135.0,6.67,-15.8,IP_OUT,Sinker,Fly Out,91.6,2274.4,47.9,37.9,52.8%
2025-05-20 01:00:00,Bot 4,0-0,0,L,L,W. Libbert,B. Neal,-4.52,10:38,139.2,3.30586,1.19763,,,,14.9,-12.0,-0.41,-,5.97,-,IP_OUT,Fastball,Ball,91.9,2138.7,-,-,1.6%
2025-05-20 01:00:00,Bot 4,1-0,0,L,L,W. Libbert,B. Neal,-3.77,10:54,146.8,4.1568,0.58408,,,,12.5,-7.6,0.78,-,6.16,-,IP_OUT,Fastball,Ball,90.6,2123.0,-,-,2.3%
2025-05-20 01:00:00,Bot 4,2-0,0,L,L,W. Libbert,B. Neal,-5.46,10:28,133.8,2.52782,0.22457,,,,12.8,-12.4,0.55,136.0,6.12,-6.7,IP_OUT,Fastball,Ground Out,91.0,2030.1,93.9,1.5,98.3%
2025-05-20 01:00:00,Bot 4,0-0,1,L,R,W. Libbert,G. Staton,-4.91,10:38,139.1,2.69683,0.31617,,,,16.5,-13.3,0.29,-,6.14,130.5,K,Fastball,Foul,91.5,2134.5,84.5,65.9,98.0%
2025-05-20 01:00:00,Bot 4,0-1,1,L,R,W. Libbert,G. Staton,-8.10,3:09,274.3,1.78846,-0.54269,,,,0.5,10.7,3.40,-,5.41,-,K,Slider,Strike Swinging,80.2,2510.3,-,-,90.1%
2025-05-20 01:00:00,Bot 4,0-2,1,L,R,W. Libbert,G. Staton,-7.41,2:35,257.4,2.2432,-0.59883,,,,4.0,11.7,3.60,-,5.40,-,K,Slider,Strikeout (Swinging),78.9,2376.2,-,-,89.2%
2025-05-20 01:00:00,Bot 4,0-0,2,L,R,W. Libbert,B. Norton,-3.94,10:38,139.2,3.82386,0.36211,,,,13.5,-10.8,0.51,-,5.92,74.1,S,Fastball,Foul,92.6,2062.0,100.8,15.7,3.7%
2025-05-20 01:00:00,Bot 4,0-1,2,L,R,W. Libbert,B. Norton,-4.80,10:45,142.3,3.03599,-0.13902,,,,12.6,-9.0,1.24,260.9,6.27,8.0,S,Fastball,Single on a Fly Ball,92.1,2249.1,78.6,35.7,96.6%
2025-05-20 01:00:00,Bot 4,0-0,2,L,L,W. Libbert,B. Fowler,-7.50,2:08,244.2,2.07007,-0.94674,,,1,6.2,9.8,3.81,-,5.72,-,BB,Slider,Strike Swinging,80.0,2469.0,-,-,81.1%
2025-05-20 01:00:00,Bot 4,0-1,2,L,L,W. Libbert,B. Fowler,-8.13,1:48,234.0,1.24465,-1.88774,,,1,6.9,7.9,4.74,-,5.64,-,BB,Slider,Ball,80.2,2438.2,-,-,0.0%
2025-05-20 01:00:00,Bot 4,1-1,2,L,L,W. Libbert,B. Fowler,-5.70,10:35,137.6,2.28188,-1.1054,,,1,13.0,-10.9,2.12,-,6.32,-,BB,Fastball,Ball,91.9,2342.7,-,-,43.8%
2025-05-20 01:00:00,Bot 4,2-1,2,L,L,W. Libbert,B. Fowler,-5.99,10:38,138.8,1.8786,-1.57849,,,1,13.4,-10.9,2.65,-,6.29,-,BB,Fastball,Ball,92.4,2387.2,-,-,0.0%
2025-05-20 01:00:00,Bot 4,3-1,2,L,L,W. Libbert,B. Fowler,-7.75,2:19,249.4,1.80815,-2.00188,,,1,4.8,9.7,4.89,-,5.56,-,BB,Slider,Walk,80.1,2504.4,-,-,0.0%
2025-05-20 01:00:00,Bot 4,0-0,2,L,R,W. Libbert,J. Lebron,-6.07,9:42,111.0,2.82422,-0.56441,,1,1,6.8,-14.6,1.38,-,6.30,-,S,Changeup,Strike Looking,85.1,1576.2,-,-,96.3%
2025-05-20 01:00:00,Bot 4,0-1,2,L,R,W. Libbert,J. Lebron,-4.52,10:36,137.8,3.06755,0.12963,,1,1,15.3,-12.9,0.67,-,5.83,40.3,S,Fastball,Foul,93.4,2309.5,87.6,49.7,98.1%
2025-05-20 01:00:00,Bot 4,0-2,2,L,R,W. Libbert,J. Lebron,-6.57,1:20,219.9,2.57912,-0.22051,,1,1,8.5,5.9,2.84,213.5,5.90,-13.1,S,Slider,Single on a Line Drive,80.9,2456.3,85.7,16.4,96.0%
2025-05-20 01:00:00,Bot 4,0-0,2,L,L,W. Libbert,K. Snell,-5.81,10:29,134.6,2.13671,-1.21064,1,,1,14.2,-13.4,1.92,-,6.18,-,S,Fastball,Ball,92.8,2206.9,-,-,19.9%
2025-05-20 01:00:00,Bot 4,1-0,2,L,L,W. Libbert,K. Snell,-7.19,2:14,246.9,2.41998,-0.71647,1,,1,4.8,8.6,3.61,140.0,5.71,-6.4,S,Slider,Single on a Ground Ball,79.4,2432.8,100.8,3.7,97.0%
2025-05-20 01:00:00,Bot 4,0-0,2,L,R,W. Libbert,R. Bonomolo Jr.,-6.16,10:18,128.9,1.81871,-0.08183,1,,1,12.5,-14.2,0.78,-,6.19,-,FC,Fastball,Strike Looking,92.9,2262.4,-,-,96.1%
2025-05-20 01:00:00,Bot 4,0-1,2,L,R,W. Libbert,R. Bonomolo Jr.,-6.79,10:04,121.8,1.85123,0.15751,1,,1,8.1,-11.2,0.84,123.8,6.35,-27.7,FC,Changeup,Fielder's Choice,87.5,1414.4,89.5,-35.2,95.4%
2025-05-20 01:00:00,Top 5,0-0,0,R,L,T. Fay,K. Peer,-6.96,1:29,224.6,2.22927,-0.613,,,,8.7,7.2,-1.53,-,7.21,-,S,Changeup,Strike Looking,82.2,1597.4,-,-,98.7%
2025-05-20 01:00:00,Top 5,0-1,0,R,L,T. Fay,K. Peer,-7.83,3:10,274.9,2.04323,-0.73762,,,,-0.0,18.0,-0.45,-,6.82,-,S,Changeup,Strike Swinging,83.6,1663.0,-,-,91.5%
2025-05-20 01:00:00,Top 5,0-2,0,R,L,T. Fay,K. Peer,-4.45,2:30,254.9,4.79455,-4.05708,,,,5.4,15.3,2.76,-,6.82,-,S,Changeup,Ball,81.6,1675.0,-,-,0.0%
2025-05-20 01:00:00,Top 5,1-2,0,R,L,T. Fay,K. Peer,-8.50,3:11,275.5,1.41468,-1.3889,,,,-0.4,16.7,0.55,82.1,6.93,54.6,S,Changeup,Single on a Ground Ball,83.2,1697.5,57.5,-49.5,1.6%
2025-05-20 01:00:00,Top 5,0-0,0,R,L,T. Fay,C. Patterson,-4.68,1:36,227.8,3.45801,-0.91702,,,1,12.5,12.6,-0.34,-,6.84,-,IP_OUT,Fastball,Ball,90.5,2231.1,-,-,23.8%
2025-05-20 01:00:00,Top 5,1-0,0,R,L,T. Fay,C. Patterson,-6.52,9:33,106.5,2.90863,0.80364,,,1,5.0,-11.5,-5.03,-,6.12,-,IP_OUT,Slider,Strike Looking,79.7,2653.6,-,-,79.5%
2025-05-20 01:00:00,Top 5,1-1,0,R,L,T. Fay,C. Patterson,-5.19,9:42,111.0,3.86805,-0.64864,,1,,5.8,-11.5,-3.27,-,6.73,-,IP_OUT,Slider,Strike Swinging,80.5,2572.7,-,-,3.6%
2025-05-20 01:00:00,Top 5,1-2,0,R,L,T. Fay,C. Patterson,-6.95,8:37,78.5,2.88148,0.88634,,1,,-1.7,-15.7,-5.30,154.4,6.20,32.0,IP_OUT,Slider,Pop Out,80.5,2608.1,82.8,64.2,40.4%
2025-05-20 01:00:00,Top 5,0-0,1,R,L,T. Fay,B. Daniels,-6.49,2:16,248.1,2.69172,0.27437,,1,,6.2,12.5,-1.92,100.7,7.15,50.0,IP_OUT,Changeup,Pop Out,83.3,1547.4,93.1,67.5,98.6%
2025-05-20 01:00:00,Top 5,0-0,2,R,R,T. Fay,J. Lovich,-6.86,2:33,256.7,1.83157,-1.10128,,1,,5.5,17.9,0.02,-,6.88,-,K,Sinker,Ball,91.1,2235.4,-,-,20.2%
2025-05-20 01:00:00,Top 5,1-0,2,R,R,T. Fay,J. Lovich,-7.46,2:19,249.7,1.8175,-0.34482,,1,,7.3,16.2,-0.79,-,7.10,-,K,Changeup,Strike Swinging,83.5,1635.1,-,-,94.9%
2025-05-20 01:00:00,Top 5,1-1,2,R,R,T. Fay,J. Lovich,-6.98,8:48,84.1,2.68222,1.24896,,1,,0.3,-10.8,-4.96,-,6.64,-,K,Slider,Strike Swinging,82.1,2734.8,-,-,24.0%
2025-05-20 01:00:00,Top 5,1-2,2,R,R,T. Fay,J. Lovich,-7.74,8:53,86.4,1.79227,1.9136,,1,,0.3,-15.5,-6.07,-,6.50,-,K,Slider,Strikeout (Swinging),82.6,2717.8,-,-,0.0%
2025-05-20 01:00:00,Bot 5,0-0,0,L,L,W. Libbert,W. Hodo,-4.71,11:00,150.0,3.01554,-0.29316,,,,17.2,-9.2,1.33,-,6.19,-,IP_OUT,Fastball,Strike Looking,90.8,2283.4,-,-,97.5%
2025-05-20 01:00:00,Bot 5,0-1,0,L,L,W. Libbert,W. Hodo,-3.98,10:25,132.3,3.7441,0.02862,,,,15.6,-16.0,0.51,-,6.15,-,IP_OUT,Fastball,Strike Looking,91.3,2434.0,-,-,10.9%
2025-05-20 01:00:00,Bot 5,0-2,0,L,L,W. Libbert,W. Hodo,-7.87,2:30,255.0,1.83458,-0.27944,,,,3.8,8.9,2.97,139.2,5.58,-13.1,IP_OUT,Slider,Ground Out,80.3,2493.5,99.4,-1.2,94.4%
2025-05-20 01:00:00,Bot 5,0-0,1,L,R,W. Libbert,J. Torres,-4.97,9:24,102.1,4.01237,1.49697,,,,4.2,-14.2,-0.88,-,6.05,-,K,Changeup,Ball,86.2,1539.5,-,-,0.0%
2025-05-20 01:00:00,Bot 5,1-0,1,L,R,W. Libbert,J. Torres,-4.12,10:41,140.7,3.57015,0.1147,,,,13.8,-10.4,0.78,-,6.09,166.1,K,Fastball,Foul,92.6,2414.8,77.4,39.3,41.8%
2025-05-20 01:00:00,Bot 5,1-1,1,L,R,W. Libbert,J. Torres,-5.68,10:24,132.0,1.87922,1.346,,,,16.7,-17.3,-1.10,-,6.01,-,K,Fastball,Ball,93.1,2270.4,-,-,5.9%
2025-05-20 01:00:00,Bot 5,2-1,1,L,R,W. Libbert,J. Torres,-6.62,1:45,232.3,3.05353,0.70801,,,,3.0,2.1,1.25,-,5.45,-,K,Slider,Strike Swinging,81.7,2445.5,-,-,93.5%
2025-05-20 01:00:00,Bot 5,2-2,1,L,R,W. Libbert,J. Torres,-7.34,12:25,192.7,1.84336,-0.41715,,,,7.4,1.4,2.53,-,5.81,-48.8,K,Slider,Foul,81.6,2387.7,88.9,-1.2,93.3%
2025-05-20 01:00:00,Bot 5,2-2,1,L,R,W. Libbert,J. Torres,-4.57,10:33,136.4,3.2392,0.34213,,,,14.2,-12.5,0.30,-,6.01,173.4,K,Fastball,Foul,92.6,2359.7,79.3,8.3,86.4%
2025-05-20 01:00:00,Bot 5,2-2,1,L,R,W. Libbert,J. Torres,-3.28,10:41,140.3,4.20183,1.21561,,,,15.0,-11.5,-0.48,-,6.07,-,K,Fastball,Ball,92.4,2284.8,-,-,0.0%
2025-05-20 01:00:00,Bot 5,3-2,1,L,R,W. Libbert,J. Torres,-5.64,10:29,134.4,2.11698,0.34272,,,,14.6,-13.7,0.29,-,6.04,-,K,Fastball,Strikeout (Swinging),91.8,2246.8,-,-,99.1%
2025-05-20 01:00:00,Bot 5,0-0,2,L,L,W. Libbert,B. Neal,-5.88,1:46,233.2,3.34181,0.27838,,,,6.7,7.4,2.24,-,5.66,-,IP_OUT,Slider,Strike Looking,81.1,2351.7,-,-,84.2%
2025-05-20 01:00:00,Bot 5,0-1,2,L,L,W. Libbert,B. Neal,-4.44,10:36,138.1,3.18758,-0.0089,,,,14.5,-12.1,0.83,210.0,6.34,-34.0,IP_OUT,Fastball,Pop Out,92.7,2333.5,91.6,70.1,91.7%
2025-05-20 01:00:00,Top 6,0-0,0,R,R,T. Fay,P. Seals,-8.07,8:35,77.3,2.10573,0.06479,,,,-2.2,-16.7,-4.41,-,6.37,-,K,Slider,Strike Looking,79.0,2545.7,-,-,98.6%
2025-05-20 01:00:00,Top 6,0-1,0,R,R,T. Fay,P. Seals,-5.28,2:26,253.1,3.15596,1.00992,,,,6.1,16.7,-2.06,-,6.66,-,K,Sinker,Ball,92.4,2405.9,-,-,30.9%
2025-05-20 01:00:00,Top 6,1-1,0,R,R,T. Fay,P. Seals,-7.41,8:47,83.3,2.47144,0.33105,,,,-0.6,-16.5,-4.63,-,6.21,-,K,Slider,Foul,80.3,2608.7,-,-,98.3%
2025-05-20 01:00:00,Top 6,1-2,0,R,R,T. Fay,P. Seals,-6.14,8:38,79.2,3.3886,1.37161,,,,-0.4,-8.6,-4.84,-,6.28,-,K,Slider,Strikeout (Swinging),82.7,2753.7,-,-,0.3%
2025-05-20 01:00:00,Top 6,0-0,1,R,L,T. Fay,C. Nicoletto,-7.26,8:30,74.8,2.55641,0.0651,,,,-1.2,-9.8,-4.16,88.9,6.48,65.2,IP_OUT,Slider,Ground Out,80.1,2552.1,86.7,-62.2,98.5%
2025-05-20 01:00:00,Top 6,0-0,2,R,L,T. Fay,M. Serna,-4.23,1:40,229.9,3.86761,-1.32046,,,,11.2,12.3,-0.01,-,6.61,-,BB,Fastball,Ball,93.4,2283.8,-,-,0.7%
2025-05-20 01:00:00,Top 6,1-0,2,R,L,T. Fay,M. Serna,-7.03,2:58,268.9,2.54214,-2.32457,,,,1.3,13.3,1.31,-,6.87,-,BB,Changeup,Ball,82.7,1769.5,-,-,0.0%
2025-05-20 01:00:00,Top 6,2-0,2,R,L,T. Fay,M. Serna,-7.53,2:34,257.1,1.09961,0.14556,,,,4.3,15.3,-1.30,-,6.60,-,BB,Sinker,Ball,92.7,2364.1,-,-,1.0%
2025-05-20 01:00:00,Top 6,3-0,2,R,L,T. Fay,M. Serna,-6.42,2:41,260.4,2.26998,-0.85437,,,,3.4,15.2,-0.25,-,6.45,-,BB,Sinker,Walk,91.9,2248.6,-,-,92.2%
2025-05-20 01:00:00,Top 6,0-0,2,R,R,T. Fay,T. Macon,-8.19,8:52,86.0,1.46235,1.7849,,,1,0.1,-14.9,-6.08,-,6.24,-,S,Slider,Strike Swinging,80.7,2653.3,-,-,0.0%
2025-05-20 01:00:00,Top 6,0-1,2,R,R,T. Fay,T. Macon,-7.21,9:08,94.2,2.21589,0.11014,,,1,2.4,-16.7,-4.38,-,6.50,-,S,Slider,Strike Looking,81.1,2618.2,-,-,98.1%
2025-05-20 01:00:00,Top 6,0-2,2,R,R,T. Fay,T. Macon,-6.75,8:35,77.5,2.88582,0.28697,,,1,-1.6,-12.6,-4.01,133.9,6.35,2.6,S,Slider,Single on a Line Drive,82.6,2574.7,90.6,5.1,97.8%
2025-05-20 01:00:00,Top 6,0-0,2,R,R,T. Fay,K. Knutson,-6.31,1:56,238.2,2.59998,-0.5013,,1,1,8.4,11.7,-0.94,44.0,6.77,19.5,IP_OUT,Changeup,Ground Out,84.3,1781.0,68.2,-74.9,98.2%
2025-05-20 01:00:00,Bot 6,0-0,0,L,R,W. Libbert,G. Staton,-4.49,10:32,135.8,3.30129,-0.30886,,,,14.2,-12.7,1.15,-,6.05,-,IP_OUT,Fastball,Strike Swinging,91.8,2388.2,-,-,82.1%
2025-05-20 01:00:00,Bot 6,0-1,0,L,R,W. Libbert,G. Staton,-5.64,10:26,133.0,2.18132,0.5337,,,,14.6,-14.5,-0.12,131.9,6.12,-18.5,IP_OUT,Fastball,Ground Out,91.5,2312.8,86.8,0.6,98.3%
2025-05-20 01:00:00,Bot 6,0-0,1,L,R,W. Libbert,B. Norton,-4.49,10:34,137.0,3.24966,1.47735,,,,13.6,-11.8,-0.65,-,6.11,-,IP_OUT,Fastball,Ball,91.9,2482.4,-,-,0.0%
2025-05-20 01:00:00,Bot 6,1-0,1,L,R,W. Libbert,B. Norton,-4.18,10:37,138.7,3.45137,-0.38991,,,,14.5,-11.8,1.34,156.8,6.24,-17.9,IP_OUT,Fastball,Pop Out,92.2,2469.6,72.4,60.4,62.5%
2025-05-20 01:00:00,Bot 6,0-0,2,L,L,W. Libbert,B. Fowler,-5.17,10:41,140.5,2.60953,0.37745,,,,14.9,-11.4,0.39,-,6.16,-,IP_OUT,Fastball,Foul,92.3,2337.6,-,-,97.3%
2025-05-20 01:00:00,Bot 6,0-1,2,L,L,W. Libbert,B. Fowler,-6.12,1:30,225.2,3.23465,-1.41216,,,,5.9,4.4,3.75,-,5.60,-,IP_OUT,Slider,Ball,81.6,2488.5,-,-,0.0%
2025-05-20 01:00:00,Bot 6,1-1,2,L,L,W. Libbert,B. Fowler,-6.30,2:41,260.7,3.24948,-0.94782,,,,2.8,9.6,3.73,266.0,5.66,-34.3,IP_OUT,Slider,Pop Out,80.8,2481.6,83.0,45.2,24.9%
2025-05-20 01:00:00,Top 7,0-0,0,L,L,M. Heiberger,K. Peer,-4.63,10:27,133.7,3.11809,0.8015,,,,12.2,-11.7,-0.04,-,6.52,-,S,Fastball,Strike Looking,92.9,1962.6,-,-,55.4%
2025-05-20 01:00:00,Top 7,0-1,0,L,L,M. Heiberger,K. Peer,-5.90,12:09,184.3,2.63273,-0.18059,,,,11.1,0.7,2.26,-,6.42,-,S,Slider,Strike Looking,84.4,2415.5,-,-,100.0%
2025-05-20 01:00:00,Top 7,0-2,0,L,L,M. Heiberger,K. Peer,-6.52,1:07,213.6,2.1268,-1.93014,,,,10.9,6.5,4.50,-,6.47,-,S,Slider,Ball,84.1,2314.8,-,-,0.0%
2025-05-20 01:00:00,Top 7,1-2,0,L,L,M. Heiberger,K. Peer,-3.89,10:28,134.2,3.80852,0.36344,,,,13.9,-13.2,0.20,-,6.31,-71.8,S,Fastball,Foul,92.9,2029.6,75.8,18.6,1.2%
2025-05-20 01:00:00,Top 7,1-2,0,L,L,M. Heiberger,K. Peer,-6.50,10:05,122.4,1.50229,-0.4765,,,,9.6,-13.8,0.95,-,6.56,-,S,Sinker,Ball,94.0,1991.3,-,-,31.4%
2025-05-20 01:00:00,Top 7,2-2,0,L,L,M. Heiberger,K. Peer,-4.71,10:00,119.9,3.27824,0.83031,,,,10.0,-15.7,-0.64,89.4,6.54,-3.4,S,Sinker,Single on a Ground Ball,92.8,1956.9,65.6,8.6,20.6%
2025-05-20 01:00:00,Top 7,0-0,0,L,R,M. Heiberger,C. Patterson,-4.80,10:21,130.6,3.28721,0.91007,,,1,10.3,-10.8,-0.24,-,6.64,-,K,Fastball,Strike Looking,90.7,1904.8,-,-,51.3%
2025-05-20 01:00:00,Top 7,0-1,0,L,R,M. Heiberger,C. Patterson,-5.27,10:13,126.6,2.91282,-1.06922,,,1,8.6,-10.4,1.65,-,6.62,-,K,Sinker,Ball,91.4,1989.5,-,-,10.4%
2025-05-20 01:00:00,Top 7,1-1,0,L,R,M. Heiberger,C. Patterson,-4.97,9:37,108.5,3.34657,0.16634,,,1,5.4,-13.6,0.29,-,6.47,64.3,K,Sinker,Foul,92.7,1983.6,94.3,6.5,66.4%
2025-05-20 01:00:00,Top 7,1-2,1,L,R,M. Heiberger,C. Patterson,-5.21,12:00,179.9,3.10858,0.30117,,,,12.3,-0.0,1.61,-,6.61,-,K,Slider,Strikeout (Swinging),85.5,2144.5,-,-,97.4%
2025-05-20 01:00:00,Top 7,0-0,2,L,L,M. Heiberger,B. Daniels,-5.74,10:13,126.4,2.29696,-0.29048,,,,11.2,-13.8,0.57,-,6.63,-,HBP,Fastball,Strike Looking,91.2,1890.9,-,-,99.2%
2025-05-20 01:00:00,Top 7,0-1,2,L,L,M. Heiberger,B. Daniels,-5.71,10:11,125.7,2.44495,0.17659,,,,11.0,-13.9,0.11,-,6.53,-,HBP,Fastball,Strike Looking,91.5,1977.7,-,-,97.1%
2025-05-20 01:00:00,Top 7,0-2,2,L,L,M. Heiberger,B. Daniels,-2.84,10:32,136.2,4.81829,2.3003,,,,14.9,-13.2,-2.08,-,6.41,-,HBP,Fastball,Hit By Pitch,92.5,2296.9,-,-,0.0%
2025-05-20 01:00:00,Top 7,0-0,2,L,R,M. Heiberger,J. Lovich,-5.54,9:51,115.7,2.76618,0.57626,,,1,9.4,-17.6,-0.58,143.3,6.59,11.3,S,Sinker,Single on a Ground Ball,91.6,2072.2,106.4,1.3,98.8%
2025-05-20 01:00:00,Top 7,0-0,2,R,R,B. Myers,P. Seals,-7.84,9:00,90.2,1.79884,1.17138,1,,1,1.5,-17.6,-5.41,-,6.28,-,K,Slider,Ball,81.4,2379.7,-,-,25.1%
2025-05-20 01:00:00,Top 7,1-0,2,R,R,B. Myers,P. Seals,-7.28,9:18,99.0,2.187,-1.20058,1,,1,3.9,-15.4,-2.52,-,6.22,-12.4,K,Slider,Ball,79.2,2450.3,34.0,-1.6,7.6%
2025-05-20 01:00:00,Top 7,2-0,2,R,R,B. Myers,P. Seals,-4.82,12:36,198.1,2.34732,1.43853,1,,1,19.2,5.9,-3.23,-,7.00,-,K,Fastball,Ball,91.9,2440.9,-,-,2.9%
2025-05-20 01:00:00,Top 7,3-0,2,R,R,B. Myers,P. Seals,-4.98,12:45,202.7,2.18504,0.86685,1,,1,20.7,8.2,-2.23,-,6.80,-,K,Fastball,Strike Looking,92.3,2508.8,-,-,94.9%
2025-05-20 01:00:00,Top 7,3-1,2,R,R,B. Myers,P. Seals,-6.34,10:13,126.6,2.49621,-0.75991,1,,1,9.2,-10.5,-2.48,-,6.23,121.9,K,Slider,Foul,80.5,2393.8,60.0,53.7,93.7%
2025-05-20 01:00:00,Top 7,3-2,2,R,R,B. Myers,P. Seals,-7.22,9:54,116.9,1.73476,-0.79328,1,,1,8.1,-13.2,-2.66,-,6.36,-,K,Slider,Strikeout (Looking),81.2,2417.3,-,-,60.6%
2025-05-20 01:00:00,Bot 7,0-0,0,L,R,W. Libbert,J. Lebron,-5.05,10:30,134.8,2.70521,0.34172,,,,14.3,-13.3,0.32,-,6.09,-,BB,Fastball,Strike Swinging,90.9,2252.8,-,-,96.2%
2025-05-20 01:00:00,Bot 7,0-1,0,L,R,W. Libbert,J. Lebron,-3.58,10:31,135.5,4.08435,1.37934,,,,14.8,-13.5,-0.81,-,5.97,-,BB,Fastball,Ball,92.9,2365.8,-,-,0.0%
2025-05-20 01:00:00,Bot 7,1-1,0,L,R,W. Libbert,J. Lebron,-6.53,9:23,101.5,2.43125,-0.49548,,,,4.1,-14.5,1.12,-,6.27,-,BB,Changeup,Ball,87.2,1698.3,-,-,97.7%
2025-05-20 01:00:00,Bot 7,2-1,0,L,R,W. Libbert,J. Lebron,-4.17,10:48,144.1,3.45886,1.53961,,,,14.3,-9.7,-0.56,-,6.33,-,BB,Fastball,Ball,92.2,2393.4,-,-,0.0%
2025-05-20 01:00:00,Bot 7,3-1,0,L,R,W. Libbert,J. Lebron,-5.80,10:38,139.2,1.85193,1.06633,,,,15.8,-12.7,-0.55,-,6.25,-,BB,Fastball,Walk,92.1,2357.6,-,-,55.4%
2025-05-20 01:00:00,Bot 7,0-0,0,L,L,W. Libbert,K. Snell,-5.15,2:32,256.2,4.48961,-1.16531,,,1,3.3,8.0,4.02,-,5.72,-,FC,Slider,Ball,79.8,2347.1,-,-,0.0%
2025-05-20 01:00:00,Bot 7,1-0,0,L,L,W. Libbert,K. Snell,-4.81,10:41,140.5,2.86255,-0.44223,,,1,15.2,-11.7,1.26,130.5,6.47,14.1,FC,Fastball,Fielder's Choice,92.4,2361.5,93.8,-25.7,99.2%
2025-05-20 01:00:00,Bot 7,0-0,1,L,R,W. Libbert,R. Bonomolo Jr.,-4.49,10:24,132.1,3.15878,1.3994,,,1,15.0,-15.5,-0.99,-,6.31,-,S,Fastball,Ball,91.7,2337.6,-,-,2.0%
2025-05-20 01:00:00,Bot 7,1-0,1,L,R,W. Libbert,R. Bonomolo Jr.,-6.34,9:31,105.6,2.46643,-0.62473,,,1,5.0,-14.2,1.40,-,6.01,-,S,Changeup,Strike Looking,86.7,1592.2,-,-,99.6%
2025-05-20 01:00:00,Bot 7,1-1,1,L,R,W. Libbert,R. Bonomolo Jr.,-5.40,10:47,143.7,2.14551,0.0379,,,1,16.5,-11.4,0.97,-,6.13,-54.9,S,Fastball,Foul,92.2,2374.0,93.0,-6.0,97.3%
2025-05-20 01:00:00,Bot 7,1-2,1,L,R,W. Libbert,R. Bonomolo Jr.,-5.26,10:37,138.5,2.3781,0.15798,,,1,15.4,-12.6,0.60,139.4,6.08,15.7,S,Fastball,Single on a Line Drive,93.3,2434.3,100.4,6.7,98.4%
2025-05-20 01:00:00,Bot 7,0-0,1,L,L,W. Libbert,W. Hodo,-8.19,2:04,241.8,1.25648,-3.25098,,1,1,8.1,12.6,6.60,-,5.80,-,SF,Slider,Ball,79.3,2416.5,-,-,0.0%
2025-05-20 01:00:00,Bot 7,1-0,1,L,L,W. Libbert,W. Hodo,-4.13,10:25,132.4,3.66974,0.33505,1,1,,12.4,-12.5,0.46,331.6,6.32,-15.0,SF,Fastball,Sac Fly,92.2,2282.9,92.6,33.9,17.1%
2025-05-20 01:00:00,Bot 7,0-0,2,L,R,W. Libbert,J. Torres,-5.51,9:12,96.0,3.63585,1.17018,,1,,2.7,-15.0,-0.57,-,6.28,-,IP_OUT,Changeup,Ball,85.3,1652.8,-,-,0.7%
2025-05-20 01:00:00,Bot 7,1-0,2,L,R,W. Libbert,J. Torres,-5.82,9:24,102.2,3.03811,0.63748,,1,,4.5,-15.5,-0.17,293.4,6.01,-9.3,IP_OUT,Changeup,Fly Out,86.1,1598.7,84.7,42.3,96.4%
2025-05-20 01:00:00,Top 8,0-0,0,R,L,B. Myers,C. Nicoletto,-6.38,2:21,250.6,2.37933,-1.12937,,,,7.0,16.4,0.06,-,7.17,-,K,Changeup,Ball,83.9,2256.6,-,-,38.8%
2025-05-20 01:00:00,Top 8,1-0,0,R,L,B. Myers,C. Nicoletto,-6.52,10:00,119.8,2.47092,-0.71183,,,,7.8,-11.4,-2.74,-,6.30,-60.1,K,Slider,Foul,80.7,2476.0,81.3,58.2,97.0%
2025-05-20 01:00:00,Top 8,1-1,0,R,L,B. Myers,C. Nicoletto,-5.65,12:52,206.1,1.84006,0.50281,,,,15.6,7.2,-1.88,-,6.80,-,K,Fastball,Strike Looking,92.5,2329.3,-,-,96.6%
2025-05-20 01:00:00,Top 8,1-2,0,R,L,B. Myers,C. Nicoletto,-8.01,2:40,260.2,1.02185,-1.02086,,,,3.9,15.5,0.12,-,7.32,-,K,Changeup,Foul,86.3,2136.7,-,-,0.5%
2025-05-20 01:00:00,Top 8,1-2,0,R,L,B. Myers,C. Nicoletto,-5.52,12:50,205.1,1.93163,0.87593,,,,15.7,6.9,-2.19,-,6.73,-,K,Fastball,Strikeout (Looking),93.1,2322.3,-,-,31.3%
2025-05-20 01:00:00,Top 8,0-0,1,R,L,B. Myers,M. Serna,-6.82,9:49,114.7,2.1907,-1.43966,,,,7.2,-12.7,-1.83,-,6.27,-,HBP,Slider,Ball,81.7,2445.3,-,-,4.2%
2025-05-20 01:00:00,Top 8,1-0,1,R,L,B. Myers,M. Serna,-7.24,9:56,117.8,1.78683,0.12565,,,,6.1,-9.2,-3.21,-,6.43,-,HBP,Slider,Strike Swinging,81.2,2323.7,-,-,93.7%
2025-05-20 01:00:00,Top 8,1-1,1,R,L,B. Myers,M. Serna,-4.57,12:43,201.7,2.7197,0.42964,,,,16.4,6.1,-1.95,-,6.71,-59.3,HBP,Fastball,Foul,93.3,2486.8,60.8,68.7,97.7%
2025-05-20 01:00:00,Top 8,1-2,1,R,L,B. Myers,M. Serna,-2.91,1:05,212.4,4.28509,-0.53198,,,,16.3,9.7,-0.49,-,6.87,-,HBP,Fastball,Ball,94.0,2381.5,-,-,0.0%
2025-05-20 01:00:00,Top 8,2-2,1,R,L,B. Myers,M. Serna,-5.76,12:54,206.9,1.59092,1.46126,,,,16.9,8.1,-2.77,-,6.93,-,HBP,Fastball,Hit By Pitch,93.6,2509.0,-,-,0.0%
2025-05-20 01:00:00,Top 8,0-0,1,R,R,B. Myers,T. Macon,-7.33,9:48,114.1,1.93531,0.91647,,,1,6.0,-10.4,-4.29,-,6.35,-,IP_OUT,Slider,Strike Looking,79.7,2463.0,-,-,81.5%
2025-05-20 01:00:00,Top 8,0-1,1,R,R,B. Myers,T. Macon,-5.86,12:45,202.6,1.54379,2.22224,,,1,17.3,6.8,-3.75,-,6.94,-,IP_OUT,Fastball,Ball,93.3,2561.8,-,-,0.0%
2025-05-20 01:00:00,Top 8,1-1,1,R,R,B. Myers,T. Macon,-7.38,9:28,103.8,1.84409,0.98157,,,1,5.0,-15.2,-4.85,-,6.43,-22.2,IP_OUT,Slider,Strike Swinging,80.4,2426.3,35.2,-1.1,63.0%
2025-05-20 01:00:00,Top 8,1-2,1,R,R,B. Myers,T. Macon,-6.24,10:23,131.7,2.41438,1.11878,,,1,9.3,-9.0,-4.32,300.2,6.45,-11.0,IP_OUT,Slider,Fly Out,81.2,2413.4,81.3,28.3,32.0%
2025-05-20 01:00:00,Top 8,0-0,2,R,R,B. Myers,K. Knutson,-5.60,12:52,206.0,1.77733,1.42387,,,1,18.6,8.6,-2.91,-,7.03,-,S,Fastball,Ball,91.8,2566.2,-,-,5.6%
2025-05-20 01:00:00,Top 8,1-0,2,R,R,B. Myers,K. Knutson,-5.14,1:59,239.7,2.94414,0.8788,,,1,10.3,15.8,-1.93,-,7.24,-,S,Changeup,Strike Looking,84.3,2359.7,-,-,83.1%
2025-05-20 01:00:00,Top 8,1-1,2,R,R,B. Myers,K. Knutson,-6.83,9:49,114.4,2.06671,1.27215,,,1,7.0,-12.4,-4.94,-,6.36,-,S,Slider,Foul,81.0,2471.5,-,-,14.7%
2025-05-20 01:00:00,Top 8,1-2,2,R,R,B. Myers,K. Knutson,-6.85,9:55,117.3,2.11812,1.35259,,,1,5.4,-8.3,-4.50,126.1,6.56,-3.0,S,Slider,Single on a Ground Ball,81.8,2446.5,77.0,0.6,6.1%
2025-05-20 01:00:00,Top 8,0-1,2,R,L,B. Myers,K. Peer,-8.41,9:10,94.9,1.05746,-0.31319,,1,1,2.1,-10.1,-2.96,-,6.42,-,IP_OUT,Slider,Ball,80.1,2360.0,-,-,2.7%
2025-05-20 01:00:00,Top 8,1-1,2,R,L,B. Myers,K. Peer,-5.71,2:05,242.4,2.61122,-1.3522,,1,1,7.6,12.4,0.10,-,7.33,-,IP_OUT,Changeup,Ball,85.7,2325.2,-,-,6.0%
2025-05-20 01:00:00,Top 8,2-1,2,R,L,B. Myers,K. Peer,-5.06,12:42,201.2,2.15168,-0.46678,,1,1,18.3,6.7,-1.01,275.0,6.86,-23.9,IP_OUT,Fastball,Fly Out,92.8,2420.6,91.7,50.6,97.3%
2025-05-20 01:00:00,Bot 8,0-0,0,L,L,W. Libbert,B. Neal,-7.88,1:07,213.5,1.29604,-1.10963,,,,10.4,5.9,3.45,-,5.56,-,HR,Slider,Ball,79.9,2465.2,-,-,1.7%
2025-05-20 01:00:00,Bot 8,1-0,0,L,L,W. Libbert,B. Neal,-5.75,10:27,133.6,1.97675,0.68094,,,,14.8,-14.4,0.00,-,6.27,62.5,HR,Fastball,Foul,91.7,2298.3,93.3,-28.2,90.8%
2025-05-20 01:00:00,Bot 8,1-1,0,L,L,W. Libbert,B. Neal,-4.74,10:52,146.1,2.9204,-0.1117,,,,15.7,-9.8,1.00,416.0,6.41,-0.9,HR,Fastball,Home Run on a 416.02 ft Fly Ball,91.9,2369.8,104.6,30.0,97.8%
2025-05-20 01:00:00,Bot 8,0-0,0,L,R,W. Libbert,G. Staton,-5.16,9:32,106.0,3.65529,2.36586,,,,5.7,-15.6,-1.91,-,6.20,-,IP_OUT,Changeup,Ball,84.5,1528.6,-,-,0.0%
2025-05-20 01:00:00,Bot 8,1-0,0,L,R,W. Libbert,G. Staton,-3.10,10:44,142.2,4.40077,0.79834,,,,14.1,-10.1,0.17,-,6.31,-,IP_OUT,Fastball,Ball,91.5,2251.1,-,-,0.0%
2025-05-20 01:00:00,Bot 8,2-0,0,L,R,W. Libbert,G. Staton,-4.61,10:54,146.8,3.13495,-0.22307,,,,13.9,-8.4,1.32,-,6.52,-,IP_OUT,Fastball,Strike Swinging,91.8,2326.2,-,-,93.8%
2025-05-20 01:00:00,Bot 8,2-1,0,L,R,W. Libbert,G. Staton,-4.67,10:44,141.8,2.84862,-0.2059,,,,15.6,-11.4,1.08,-,6.54,-,IP_OUT,Fastball,Strike Swinging,90.7,2236.5,-,-,95.9%
2025-05-20 01:00:00,Bot 8,2-2,0,L,R,W. Libbert,G. Staton,-5.71,10:46,143.1,1.85207,0.1641,,,,17.0,-11.9,0.48,331.6,6.10,-3.2,IP_OUT,Fastball,Fly Out,91.4,2149.6,101.7,21.3,95.8%
2025-05-20 01:00:00,Bot 8,0-0,1,L,R,W. Libbert,B. Norton,-5.81,10:47,143.7,1.82566,0.279,,,,17.4,-12.0,0.22,303.3,6.15,11.2,S,Fastball,Single on a Line Drive,91.1,2236.1,102.3,14.3,93.1%
2025-05-20 01:00:00,Bot 8,0-0,1,L,L,W. Libbert,B. Fowler,-7.15,12:54,206.8,2.53053,-1.26018,,,1,3.6,1.1,3.41,-,5.49,-,DP,Slider,Ball,79.8,2379.7,-,-,13.2%
2025-05-20 01:00:00,Bot 8,1-0,1,L,L,W. Libbert,B. Fowler,-7.00,2:24,252.0,2.56528,-1.13373,,,1,4.3,9.0,4.11,-,5.60,-,DP,Slider,Strike Swinging,79.9,2414.6,-,-,37.3%
2025-05-20 01:00:00,Bot 8,1-1,1,L,L,W. Libbert,B. Fowler,-4.63,10:37,138.7,2.98721,-0.68202,,,1,15.5,-12.7,1.34,138.9,6.31,-6.8,DP,Fastball,Double Play,92.4,2279.2,98.9,2.6,92.0%
2025-05-20 01:00:00,Top 9,0-0,0,R,L,C. Ozmer,C. Patterson,-,-,-,,,,,,-,-,-,-,-,-,K,Sinker,Strike Looking,-,-,-,-,-
2025-05-20 01:00:00,Top 9,0-1,0,R,L,C. Ozmer,C. Patterson,-8.29,8:57,88.5,1.04087,-1.26368,,,,1.2,-15.3,-4.25,-,5.46,-,K,Slider,Ball,73.8,2342.5,-,-,1.8%
2025-05-20 01:00:00,Top 9,1-1,0,R,L,C. Ozmer,C. Patterson,-4.49,1:42,231.0,2.80298,1.53477,,,,11.8,13.3,-4.40,-,6.44,-,K,Sinker,Ball,89.4,2479.9,-,-,0.0%
2025-05-20 01:00:00,Top 9,2-1,0,R,L,C. Ozmer,C. Patterson,-4.55,1:48,234.1,2.80127,0.84675,,,,11.3,14.1,-3.65,-,6.23,-,K,Sinker,Strike Looking,90.3,2413.0,-,-,57.2%
2025-05-20 01:00:00,Top 9,2-2,0,R,L,C. Ozmer,C. Patterson,-7.74,8:45,82.4,1.78267,2.45647,,,,-1.1,-21.4,-8.41,-,5.64,-,K,Slider,Ball,75.4,2496.1,-,-,0.0%
2025-05-20 01:00:00,Top 9,3-2,0,R,L,C. Ozmer,C. Patterson,-5.37,2:01,240.7,2.13284,1.05798,,,,10.5,16.6,-3.67,-,6.30,-,K,Sinker,Strikeout (Looking),89.7,2428.1,-,-,24.7%
2025-05-20 01:00:00,Top 9,0-0,1,R,L,C. Ozmer,B. Daniels,-5.06,1:48,234.0,2.32723,0.13865,,,,11.9,14.9,-2.84,217.8,6.28,-18.3,S,Slider,Single on a Fly Ball,88.1,2379.9,68.5,37.1,98.5%
2025-05-20 01:00:00,Top 9,0-0,1,R,R,C. Ozmer,J. Lovich,-6.06,1:51,235.3,1.51251,0.4784,,,1,10.9,14.0,-3.18,-,6.10,-,HBP,Sinker,Ball,89.3,2389.3,-,-,58.1%
2025-05-20 01:00:00,Top 9,1-0,1,R,R,C. Ozmer,J. Lovich,-6.33,9:26,103.0,2.68445,-2.00907,,,1,6.0,-19.1,-3.67,-,5.22,-,HBP,Slider,Hit By Pitch,74.5,2363.6,-,-,0.0%
2025-05-20 01:00:00,Top 9,0-0,1,R,R,C. Ozmer,P. Seals,-4.39,1:30,225.2,3.03703,0.96806,,1,1,9.9,8.9,-4.40,-,6.39,-,FC,Sinker,Strike Looking,88.8,2406.6,-,-,63.3%
2025-05-20 01:00:00,Top 9,0-1,1,R,R,C. Ozmer,P. Seals,-5.26,2:02,240.8,2.42605,-0.13098,,1,1,7.8,12.2,-2.89,139.2,6.06,38.0,FC,Sinker,Fielder's Choice,89.7,2391.8,102.1,-13.3,98.7%
2025-05-20 01:00:00,Top 9,0-0,1,R,L,C. Ozmer,C. Nicoletto,-5.31,2:34,257.0,3.42792,-2.13472,1,1,1,2.5,5.2,-1.52,-,6.67,-,IP_OUT,Changeup,Ball,79.1,1582.6,-,-,0.0%
2025-05-20 01:00:00,Top 9,1-0,1,R,L,C. Ozmer,C. Nicoletto,-4.34,1:32,225.9,3.04237,0.45985,1,1,1,11.8,11.0,-3.65,132.6,6.39,31.8,IP_OUT,Sinker,Line Out,89.1,2397.4,76.3,12.1,94.2%
2025-05-20 01:00:00,Top 9,0-0,2,R,L,C. Ozmer,M. Serna,-4.56,1:28,223.8,2.81687,0.70181,1,1,1,12.7,11.1,-3.87,-,6.38,-,IP_OUT,Sinker,Strike Looking,89.1,2447.8,-,-,91.2%
2025-05-20 01:00:00,Top 9,0-1,2,R,L,C. Ozmer,M. Serna,-6.36,3:32,286.1,2.61589,-1.5256,1,1,1,-0.9,7.6,-1.96,-,6.48,-,IP_OUT,Changeup,Ball,79.9,1356.2,-,-,0.0%
2025-05-20 01:00:00,Top 9,1-1,2,R,L,C. Ozmer,M. Serna,-5.40,1:46,233.2,1.95841,-0.34253,1,1,1,12.7,15.6,-2.26,-,6.27,-,IP_OUT,Sinker,Strike Swinging,89.8,2388.4,-,-,96.9%
2025-05-20 01:00:00,Top 9,1-2,2,R,L,C. Ozmer,M. Serna,-3.84,1:14,216.9,3.84355,-0.67047,1,1,1,15.4,10.8,-1.78,-,6.17,-176.8,IP_OUT,Fastball,Foul,91.7,2381.1,79.7,5.6,2.5%
2025-05-20 01:00:00,Top 9,1-2,2,R,L,C. Ozmer,M. Serna,-3.30,1:02,210.8,4.37914,-0.72991,1,1,1,16.0,8.8,-1.74,-,5.97,-,IP_OUT,Fastball,Ball,91.7,2507.7,-,-,0.0%
2025-05-20 01:00:00,Top 9,2-2,2,R,L,C. Ozmer,M. Serna,-4.28,1:18,219.2,3.06084,-0.19482,1,1,1,12.4,9.3,-3.05,205.8,6.32,-22.5,IP_OUT,Sinker,Pop Out,91.1,2559.8,84.7,60.8,95.4%